Image Name, Source
archway, https://unsplash.com/photos/arched-entryway-with-cars-and-building-facade-_PZDW3i0L-Q
aztec-pyramid, https://unsplash.com/photos/grey-pyramid-8L7mOETNgHA
baby-elephant, https://unsplash.com/photos/gray-elephant-walking-on-brown-soil-during-daytime-fiFEpA11tvs
badroom, https://unsplash.com/photos/two-green-and-white-pillows-on-empty-bed-w1RE0lBbREo
bar, https://unsplash.com/photos/brown-wooden-counter-desk-with-bottles-and-green-plants-goVkUb6wVuk
barroom, https://unsplash.com/photos/round-wooden-cafeteria-tables-and-chairs-inside-room-QGPmWrclELg
bathroom, https://unsplash.com/photos/a-bathroom-with-a-toilet-sink-and-bathtub-L4iRkKL5dng
bathroom2, https://unsplash.com/photos/a-bathroom-with-two-sinks-and-a-large-mirror-yb9b2wbhxG4
bathroom3, https://unsplash.com/photos/white-ceramic-sink-with-stainless-steel-faucet-2X9H1lD_k2Q
bathroom4, https://unsplash.com/photos/a-bathroom-with-a-sink-toilet-and-a-basket-of-flowers-RkJrR47gCI4
bear-in-water, https://unsplash.com/photos/brown-bear-on-water-during-daytime-sQcIc_FJQkQ
bedroom2, https://unsplash.com/photos/white-bed-frame-hCU4fimRW-c
bedroom3, https://unsplash.com/photos/gray-bedsprea-w72a24brINI
bedroom4, https://unsplash.com/photos/black-and-white-bed-near-brown-wooden-table-T5pL6ciEn-I
bedroom5, https://unsplash.com/photos/blue-bed-linen-near-white-wooden-framed-glass-window-85kUBzS2V3g
bison, https://unsplash.com/photos/brown-animal-on-road-wHOjM1LGi24
bottles, https://unsplash.com/photos/a-bar-filled-with-lots-of-bottles-of-alcohol-hiWqX0TaRlE
bottles2, https://unsplash.com/photos/a-bar-with-bottles-of-alcohol-on-it-0GkqdbskMCE
bridge, https://unsplash.com/photos/a-group-of-people-walking-down-a-street-next-to-tall-buildings-lOg1PoLFzrc
bridge2, https://unsplash.com/photos/high-angle-view-of-one-world-trade-center-1KPfcPdbWFM
bridge3, https://unsplash.com/photos/brooklyn-bridge-new-york-r0h-mTUOHUk
bridge4, https://unsplash.com/photos/golden-gate-bridge-during-daytime-evCLsdoWbrA
bridge5, https://unsplash.com/photos/a-large-bridge-over-a-large-body-of-water-TXToJxGkTfQ
building-plane.jpg, https://unsplash.com/photos/bottom-view-shot-of-airplane-flying-above-high-rise-building-KxCJXXGsv9I
bull, https://unsplash.com/photos/brown-and-white-bull-horn-n_Hm7MvQHYE
camel, https://unsplash.com/photos/a-camel-is-sitting-in-the-middle-of-a-desert-9jqPBqyg-0s
car, https://unsplash.com/photos/orange-taxi-driving-on-a-city-street-R1iB3DG0iRE
castle-hall, https://unsplash.com/photos/brown-concrete-pillars-oQTl_mHd2Ik
cat, https://unsplash.com/photos/a-gray-cat-sitting-on-top-of-a-stone-slab-m51Rl_yGmoU
ceramic-jars, https://unsplash.com/photos/two-lidded-ceramic-jars-with-three-legs-each-7jGvCol0Cz4
city-view, https://unsplash.com/photos/a-view-of-the-city-from-the-top-of-the-empire-building-WED-AoaLLps
city.jpg, https://unsplash.com/photos/aerial-photo-of-buildings-during-dusk-boLgiM0qwkg
cliffs-of-moher, https://unsplash.com/photos/green-grass-field-beside-body-of-water-under-cloudy-sky-during-daytime-Zf9bvJ6182k
cocktails, https://unsplash.com/photos/person-holding-cocktail-shaker-pouring-liquid-in-glass-during-daytime-sJOy9pveFbU
concrete-stairs, https://unsplash.com/photos/brown-concrete-stairs-under-blue-sky-during-daytime-YBpSX76CQaE
countryside, https://unsplash.com/photos/green-grass-field-and-trees-CUWC-6MRcNg
cows-house-mountain, https://unsplash.com/photos/herd-of-cattle-at-rural-area-pByF6_USbuc
crow, https://unsplash.com/photos/a-black-bird-sitting-on-top-of-a-roof-d-vBDK5rqR0
darkroom, https://unsplash.com/photos/black-wooden-table-near-window-SMrXBmU9Z_M
drinks, https://unsplash.com/photos/three-person-holding-clear-drinking-glasses-bTN-zKFy9uA
elephant-near-two-deers, https://unsplash.com/photos/gray-elephant-near-two-deers-KrbTI4X1x4U
elephant, https://unsplash.com/photos/brown-elephant-on-grass-field-7COocBblpyE
elephants, https://unsplash.com/photos/three-elephants-walking-on-grass-field-during-day-WfZ4WCuNtlg
elephants2, https://unsplash.com/photos/gray-and-black-elephants-at-daytime-YXwt-vJ3szA
farmer-with-bison, https://unsplash.com/photos/man-in-white-shirt-and-black-pants-standing-on-green-grass-field-with-brown-horse-during-oflPdD8iwMI
flamingo, https://unsplash.com/photos/a-flamingo-drinks-water-at-sunset-U843SteSx-Q
flying-crow, https://unsplash.com/photos/a-large-bird-flying-over-a-lush-green-field-5G4ntGM2v-8
forest-trail, https://unsplash.com/photos/pathway-in-the-forest-fluZrqtmkbo
haystacks, https://unsplash.com/photos/photography-brown-haystacks-during-daytime-R0rYa09bEx8
horses, https://unsplash.com/photos/white-and-brown-horses-standing-on-green-grass-during-daytime-kfSnIqAGDbk
house, https://unsplash.com/photos/an-old-house-in-a-field-with-mountains-in-the-background-rQOw94UFrW8
house2, https://unsplash.com/photos/brown-and-white-concrete-house-on-green-field-d4w4V32pg7k
house3, https://unsplash.com/photos/blue-and-white-wooden-house-on-sea-under-clear-blue-sky-during-daytime-A5Qsx0qNhuo
house4, https://unsplash.com/photos/F_8WvF-3o4E
kitchen, https://unsplash.com/photos/white-and-brown-kitchen-cabinet--aDGbdTsBZg
kitchen2, https://unsplash.com/photos/white-and-black-gas-range-oven-VgyN_CWXQVM
kitchen3, https://unsplash.com/photos/white-and-gray-chairs-and-table--Vfa35ueUCo
lady, https://unsplash.com/photos/woman-in-blue-tank-top-standing-beside-white-wall-TXxiFuQLBKQ
lake-view, https://unsplash.com/photos/a-scenic-view-of-a-lake-surrounded-by-trees--9PK9Z7NWrc
lamp, https://unsplash.com/photos/white-round-table-with-2-chairs-fpKrFJUiPA8
lazy-bear, https://unsplash.com/photos/brown-bear-sitting-on-grass-field-y421kXlUOQk
lemurs, https://unsplash.com/photos/three-ring-tailed-lemurs-sitting-on-a-tree-branch-U4iCn9wPUHs
lion-and-lioness, https://unsplash.com/photos/two-brown-lion-on-green-field-OkYjLpB2gzA
lion-cubs, https://unsplash.com/photos/a-group-of-lions-lying-down-65N_pXX8-hE
lion-laying-down, https://unsplash.com/photos/a-lion-laying-down-in-the-sand-on-a-sunny-day-V82eUU0t3Us
little-cabin, https://unsplash.com/photos/girl-knocking-on-wooden-door-5hGsBw6gsws
living-room, https://unsplash.com/photos/a-living-room-filled-with-furniture-and-a-large-window-OtXADkUh3-I
living-room2, https://unsplash.com/photos/green-plant-on-brown-wooden-table-GHCVUtBECuY
living-room3, https://unsplash.com/photos/white-laptop-computer-on-brown-wooden-table-BfkTFeysp34
living-room4, https://unsplash.com/photos/white-sofa-set-on-brown-wooden-parquet-floor--VmDNbwUKMA
living-room5, https://unsplash.com/photos/rectangular-brown-wooden-coffee-table-and-gray-3-seat-sofa-DmOhItSo49k
living-room6, https://unsplash.com/photos/cozy-living-room-with-plush-sofa-and-wooden-chest-E0pZm6b2z7A
log-cabin, https://unsplash.com/photos/brown-wooden-cabin-near-trees-during-day-ajqDp29Pz7M
moose, https://unsplash.com/photos/black-moose-on-green-grass-field-during-daytime-5t0ljJDFR6Q
office-chairs, https://unsplash.com/photos/brown-fabric-padded-sofa-set-inside-room-Gdufctyvzjo
owl, https://unsplash.com/photos/great-horned-owl-perched-on-a-tree-branch-zpWdIbZ_jwM
plane.jpg, https://www.rd.com/article/how-high-do-planes-fly/
plane2.jpg, https://www.rd.com/article/how-high-do-planes-fly/
polar-bear, https://unsplash.com/photos/polar-bear-on-snow-covered-ground-during-daytime-AZ31hv9kdzE
polar-bears, https://unsplash.com/photos/polar-bear-on-snow-covered-ground-during-daytime-NL1vH0hnIbQ
pride-of-lions, https://unsplash.com/photos/pride-of-lion-on-field-L4-BDd01wmM
puffin, https://unsplash.com/photos/a-puffin-bird-with-a-colorful-beak-peeking-through-grass-4sQF6Geowh0
pyramid-of-giza, https://unsplash.com/photos/the-great-pyramid-of-giza-tomb-in-egypt-MoonoldXeqs
railing, https://unsplash.com/photos/a-red-sign-on-a-railing-overlooking-a-city-skyline-UHCCG4fHhL4
rhino, https://unsplash.com/photos/adult-rhinosaurus-jBjQA3LU9Dc
ruins, https://unsplash.com/photos/brown-building-QveJH1hA2sI
sandcastle, https://unsplash.com/photos/a-sand-castle-on-a-beach-iCTZTCE3Ydk
shoes-at-beach, https://unsplash.com/photos/a-pair-of-brown-shoes-sitting-on-top-of-a-sandy-beach-o4jFaDrBBYQ
snowboarder, https://unsplash.com/photos/man-in-black-jacket-and-yellow-pants-riding-yellow-snowboard-on-snow-covered-ground-during-daytime-k2HhqajONac
stonehenge, https://unsplash.com/photos/tram-driving-on-a-snowy-street-at-night-wU957hlSMpA
street.jpg, https://unsplash.com/photos/white-and-brown-concrete-building-beside-brown-leaf-tree-under-clear-blue-sky-GkZvxVsHYWw
street2.jpg, https://unsplash.com/photos/concrete-road-in-middle-of-buildings-during-daytime-8IPrifbjo-0
subway-station, https://unsplash.com/photos/a-subway-station-with-red-and-white-doors-37iLkUm0sP8
train, https://unsplash.com/photos/black-train-on-rail-road-near-city-buildings-during-daytime-P745v_Gn4U8
train2, https://unsplash.com/photos/a-subway-train-pulling-into-a-train-station-XmLhT6x6Xqc
tram, https://unsplash.com/photos/tram-driving-on-a-snowy-street-at-night-wU957hlSMpA
wedding, https://unsplash.com/photos/photographer-capturing-couple-with-mountain-backdrop-xPm9zWYewAA
wildebeest, https://unsplash.com/photos/group-of-deer-on-brown-field-rju8sCkE-oQ
yak, https://unsplash.com/photos/brown-yak-on-green-grass-field-during-daytime-PQgD2Mjrjpw
zebras, https://unsplash.com/photos/group-of-zebra-JO7hkX4xZVg
