Image Name, Source, Masks Completed
archway, https://unsplash.com/photos/arched-entryway-with-cars-and-building-facade-_PZDW3i0L-Q,y
aztec-pyramid, https://unsplash.com/photos/grey-pyramid-8L7mOETNgHA,y
baby-elephant, https://unsplash.com/photos/gray-elephant-walking-on-brown-soil-during-daytime-fiFEpA11tvs,y
badroom, https://unsplash.com/photos/two-green-and-white-pillows-on-empty-bed-w1RE0lBbREo,y
bar, https://unsplash.com/photos/brown-wooden-counter-desk-with-bottles-and-green-plants-goVkUb6wVuk,y
barroom, https://unsplash.com/photos/round-wooden-cafeteria-tables-and-chairs-inside-room-QGPmWrclELg,y
bathroom, https://unsplash.com/photos/a-bathroom-with-a-toilet-sink-and-bathtub-L4iRkKL5dng,y
bathroom2, https://unsplash.com/photos/a-bathroom-with-two-sinks-and-a-large-mirror-yb9b2wbhxG4,
bathroom3, https://unsplash.com/photos/white-ceramic-sink-with-stainless-steel-faucet-2X9H1lD_k2Q,y
bathroom4, https://unsplash.com/photos/a-bathroom-with-a-sink-toilet-and-a-basket-of-flowers-RkJrR47gCI4,y
bear-in-water, https://unsplash.com/photos/brown-bear-on-water-during-daytime-sQcIc_FJQkQ,y
bedroom2, https://unsplash.com/photos/white-bed-frame-hCU4fimRW-c,y
bedroom3, https://unsplash.com/photos/gray-bedsprea-w72a24brINI,y
bedroom4, https://unsplash.com/photos/black-and-white-bed-near-brown-wooden-table-T5pL6ciEn-I,y
bedroom5, https://unsplash.com/photos/blue-bed-linen-near-white-wooden-framed-glass-window-85kUBzS2V3g,y
bison, https://unsplash.com/photos/brown-animal-on-road-wHOjM1LGi24,y
bottles, https://unsplash.com/photos/a-bar-filled-with-lots-of-bottles-of-alcohol-hiWqX0TaRlE,y
bottles2, https://unsplash.com/photos/a-bar-with-bottles-of-alcohol-on-it-0GkqdbskMCE,y
bridge, https://unsplash.com/photos/a-group-of-people-walking-down-a-street-next-to-tall-buildings-lOg1PoLFzrc,y
bridge2, https://unsplash.com/photos/high-angle-view-of-one-world-trade-center-1KPfcPdbWFM,y
bridge3, https://unsplash.com/photos/brooklyn-bridge-new-york-r0h-mTUOHUk,y
bridge4, https://unsplash.com/photos/golden-gate-bridge-during-daytime-evCLsdoWbrA,y
bridge5, https://unsplash.com/photos/a-large-bridge-over-a-large-body-of-water-TXToJxGkTfQ,y
building-plane.jpg, https://unsplash.com/photos/bottom-view-shot-of-airplane-flying-above-high-rise-building-KxCJXXGsv9I,y
bull, https://unsplash.com/photos/brown-and-white-bull-horn-n_Hm7MvQHYE,y
camel, https://unsplash.com/photos/a-camel-is-sitting-in-the-middle-of-a-desert-9jqPBqyg-0s,y
car, https://unsplash.com/photos/orange-taxi-driving-on-a-city-street-R1iB3DG0iRE,y
castle-hall, https://unsplash.com/photos/brown-concrete-pillars-oQTl_mHd2Ik,y
cat, https://unsplash.com/photos/a-gray-cat-sitting-on-top-of-a-stone-slab-m51Rl_yGmoU,y
ceramic-jars, https://unsplash.com/photos/two-lidded-ceramic-jars-with-three-legs-each-7jGvCol0Cz4,y
city-view, https://unsplash.com/photos/a-view-of-the-city-from-the-top-of-the-empire-building-WED-AoaLLps,y
city.jpg, https://unsplash.com/photos/aerial-photo-of-buildings-during-dusk-boLgiM0qwkg,y
cliffs-of-moher, https://unsplash.com/photos/green-grass-field-beside-body-of-water-under-cloudy-sky-during-daytime-Zf9bvJ6182k,y
cocktails, https://unsplash.com/photos/person-holding-cocktail-shaker-pouring-liquid-in-glass-during-daytime-sJOy9pveFbU,y
concrete-stairs, https://unsplash.com/photos/brown-concrete-stairs-under-blue-sky-during-daytime-YBpSX76CQaE,y
countryside, https://unsplash.com/photos/green-grass-field-and-trees-CUWC-6MRcNg,y
cows-house-mountain, https://unsplash.com/photos/herd-of-cattle-at-rural-area-pByF6_USbuc,y
crow, https://unsplash.com/photos/a-black-bird-sitting-on-top-of-a-roof-d-vBDK5rqR0,y
darkroom, https://unsplash.com/photos/black-wooden-table-near-window-SMrXBmU9Z_M,y
drinks, https://unsplash.com/photos/three-person-holding-clear-drinking-glasses-bTN-zKFy9uA,y
elephant-near-two-deers, https://unsplash.com/photos/gray-elephant-near-two-deers-KrbTI4X1x4U,y
elephant, https://unsplash.com/photos/brown-elephant-on-grass-field-7COocBblpyE,y
elephants, https://unsplash.com/photos/three-elephants-walking-on-grass-field-during-day-WfZ4WCuNtlg,y
elephants2, https://unsplash.com/photos/gray-and-black-elephants-at-daytime-YXwt-vJ3szA,y
farmer-with-bison, https://unsplash.com/photos/man-in-white-shirt-and-black-pants-standing-on-green-grass-field-with-brown-horse-during-oflPdD8iwMI,y
flamingo, https://unsplash.com/photos/a-flamingo-drinks-water-at-sunset-U843SteSx-Q,y
flying-crow, https://unsplash.com/photos/a-large-bird-flying-over-a-lush-green-field-5G4ntGM2v-8,y
forest-trail, https://unsplash.com/photos/pathway-in-the-forest-fluZrqtmkbo,y
haystacks, https://unsplash.com/photos/photography-brown-haystacks-during-daytime-R0rYa09bEx8,y
horses, https://unsplash.com/photos/white-and-brown-horses-standing-on-green-grass-during-daytime-kfSnIqAGDbk,y
house, https://unsplash.com/photos/an-old-house-in-a-field-with-mountains-in-the-background-rQOw94UFrW8,y
house2, https://unsplash.com/photos/brown-and-white-concrete-house-on-green-field-d4w4V32pg7k,y
house3, https://unsplash.com/photos/blue-and-white-wooden-house-on-sea-under-clear-blue-sky-during-daytime-A5Qsx0qNhuo,y
house4, https://unsplash.com/photos/F_8WvF-3o4E,
kitchen, https://unsplash.com/photos/white-and-brown-kitchen-cabinet--aDGbdTsBZg,y
kitchen2, https://unsplash.com/photos/white-and-black-gas-range-oven-VgyN_CWXQVM,y
kitchen3, https://unsplash.com/photos/white-and-gray-chairs-and-table--Vfa35ueUCo,y
lady, https://unsplash.com/photos/woman-in-blue-tank-top-standing-beside-white-wall-TXxiFuQLBKQ,y
lake-view, https://unsplash.com/photos/a-scenic-view-of-a-lake-surrounded-by-trees--9PK9Z7NWrc,y
lamp, https://unsplash.com/photos/white-round-table-with-2-chairs-fpKrFJUiPA8,y
lazy-bear, https://unsplash.com/photos/brown-bear-sitting-on-grass-field-y421kXlUOQk,y
lemurs, https://unsplash.com/photos/three-ring-tailed-lemurs-sitting-on-a-tree-branch-U4iCn9wPUHs,y
lion-and-lioness, https://unsplash.com/photos/two-brown-lion-on-green-field-OkYjLpB2gzA,y
lion-cubs, https://unsplash.com/photos/a-group-of-lions-lying-down-65N_pXX8-hE,y
lion-laying-down, https://unsplash.com/photos/a-lion-laying-down-in-the-sand-on-a-sunny-day-V82eUU0t3Us,y
little-cabin, https://unsplash.com/photos/girl-knocking-on-wooden-door-5hGsBw6gsws,y
living-room, https://unsplash.com/photos/a-living-room-filled-with-furniture-and-a-large-window-OtXADkUh3-I,y
living-room2, https://unsplash.com/photos/green-plant-on-brown-wooden-table-GHCVUtBECuY,y
living-room3, https://unsplash.com/photos/white-laptop-computer-on-brown-wooden-table-BfkTFeysp34,y
living-room4, https://unsplash.com/photos/white-sofa-set-on-brown-wooden-parquet-floor--VmDNbwUKMA,y
living-room5, https://unsplash.com/photos/rectangular-brown-wooden-coffee-table-and-gray-3-seat-sofa-DmOhItSo49k,y
living-room6, https://unsplash.com/photos/cozy-living-room-with-plush-sofa-and-wooden-chest-E0pZm6b2z7A,y
log-cabin, https://unsplash.com/photos/brown-wooden-cabin-near-trees-during-day-ajqDp29Pz7M,y
moose, https://unsplash.com/photos/black-moose-on-green-grass-field-during-daytime-5t0ljJDFR6Q,y
office-chairs, https://unsplash.com/photos/brown-fabric-padded-sofa-set-inside-room-Gdufctyvzjo,y
owl, https://unsplash.com/photos/great-horned-owl-perched-on-a-tree-branch-zpWdIbZ_jwM,y
plane.jpg, https://www.rd.com/article/how-high-do-planes-fly/,y
plane2.jpg, https://www.rd.com/article/how-high-do-planes-fly/,y
polar-bear, https://unsplash.com/photos/polar-bear-on-snow-covered-ground-during-daytime-AZ31hv9kdzE,y
polar-bears, https://unsplash.com/photos/polar-bear-on-snow-covered-ground-during-daytime-NL1vH0hnIbQ,y
pride-of-lions, https://unsplash.com/photos/pride-of-lion-on-field-L4-BDd01wmM,y
puffin, https://unsplash.com/photos/a-puffin-bird-with-a-colorful-beak-peeking-through-grass-4sQF6Geowh0,y
pyramid-of-giza, https://unsplash.com/photos/the-great-pyramid-of-giza-tomb-in-egypt-MoonoldXeqs,y
railing, https://unsplash.com/photos/a-red-sign-on-a-railing-overlooking-a-city-skyline-UHCCG4fHhL4,y
rhino, https://unsplash.com/photos/adult-rhinosaurus-jBjQA3LU9Dc,y
ruins, https://unsplash.com/photos/brown-building-QveJH1hA2sI,y
sandcastle, https://unsplash.com/photos/a-sand-castle-on-a-beach-iCTZTCE3Ydk,y
shoes-at-beach, https://unsplash.com/photos/a-pair-of-brown-shoes-sitting-on-top-of-a-sandy-beach-o4jFaDrBBYQ,y
snowboarder, https://unsplash.com/photos/man-in-black-jacket-and-yellow-pants-riding-yellow-snowboard-on-snow-covered-ground-during-daytime-k2HhqajONac,y
stonehenge, https://unsplash.com/photos/tram-driving-on-a-snowy-street-at-night-wU957hlSMpA,y
street.jpg, https://unsplash.com/photos/white-and-brown-concrete-building-beside-brown-leaf-tree-under-clear-blue-sky-GkZvxVsHYWw,y
street2.jpg, https://unsplash.com/photos/concrete-road-in-middle-of-buildings-during-daytime-8IPrifbjo-0,y
subway-station, https://unsplash.com/photos/a-subway-station-with-red-and-white-doors-37iLkUm0sP8,y
train, https://unsplash.com/photos/black-train-on-rail-road-near-city-buildings-during-daytime-P745v_Gn4U8,y
train2, https://unsplash.com/photos/a-subway-train-pulling-into-a-train-station-XmLhT6x6Xqc,y
tram, https://unsplash.com/photos/tram-driving-on-a-snowy-street-at-night-wU957hlSMpA,y
wedding, https://unsplash.com/photos/photographer-capturing-couple-with-mountain-backdrop-xPm9zWYewAA,y
wildebeest, https://unsplash.com/photos/group-of-deer-on-brown-field-rju8sCkE-oQ,y
yak, https://unsplash.com/photos/brown-yak-on-green-grass-field-during-daytime-PQgD2Mjrjpw,y
zebras, https://unsplash.com/photos/group-of-zebra-JO7hkX4xZVg,y
